image,anthocyanin
Stage1 (1).jpg,214
Stage1 (2).jpg,201
Stage1 (3).jpg,211
Stage1 (4).jpg,206
Stage1 (5).jpg,212
Stage1 (6).jpg,199
Stage1 (7).jpg,216
Stage1 (8).jpg,204
Stage1 (9).jpg,209
Stage1 (10).jpg,203
Stage1 (11).jpg,213
Stage1 (12).jpg,199
Stage1 (13).jpg,217
Stage1 (14).jpg,203
Stage1 (15).jpg,211
Stage1 (16).jpg,201
Stage1 (17).jpg,212
Stage1 (18).jpg,199
Stage1 (19).jpg,216
Stage1 (20).jpg,204
Stage1 (21).jpg,209
Stage1 (22).jpg,203
Stage1 (23).jpg,216
Stage1 (24).jpg,204
Stage1 (25).jpg,212
Stage1 (26).jpg,199
Stage1 (27).jpg,216
Stage1 (28).jpg,204
Stage1 (29).jpg,209
Stage1 (30).jpg,203
Stage1 (31).jpg,199
Stage1 (32).jpg,216
Stage1 (33).jpg,204
Stage1 (34).jpg,209
Stage1 (35).jpg,203
Stage1 (36).jpg,213
Stage1 (37).jpg,199
Stage1 (38).jpg,217
Stage1 (39).jpg,203
Stage1 (40).jpg,211
Stage1 (41).jpg,201
Stage1 (42).jpg,215
Stage1 (43).jpg,205
Stage1 (44).jpg,208
Stage1 (45).jpg,202
Stage1 (46).jpg,214
Stage1 (47).jpg,201
Stage1 (48).jpg,212
Stage1 (49).jpg,199
Stage1 (50).jpg,216
Stage1 (51).jpg,201
Stage1 (52).jpg,215
Stage1 (53).jpg,216
Stage1 (54).jpg,201
Stage1 (55).jpg,215
Stage1 (56).jpg,205
Stage1 (57).jpg,208
Stage1 (58).jpg,202
Stage1 (59).jpg,214
Stage1 (60).jpg,200
Stage1 (61).jpg,217
Stage1 (62).jpg,203
Stage1 (63).jpg,208
Stage1 (64).jpg,202
Stage1 (65).jpg,214
Stage1 (66).jpg,200
Stage1 (67).jpg,217
Stage1 (68).jpg,203
Stage1 (69).jpg,211
Stage1 (70).jpg,201
Stage1 (71).jpg,215
Stage1 (72).jpg,205
Stage1 (73).jpg,212
Stage1 (74).jpg,199
Stage1 (75).jpg,215
Stage1 (76).jpg,205
Stage1 (77).jpg,211
Stage1 (78).jpg,201
Stage1 (79).jpg,215
Stage1 (80).jpg,211
Stage1 (81).jpg,211
Stage1 (82).jpg,201
Stage1 (83).jpg,215
Stage1 (84).jpg,215
Stage1 (85).jpg,201
Stage1 (86).jpg,215
Stage1 (87).jpg,215
Stage1 (88).jpg,205
Stage1 (89).jpg,214
Stage1 (90).jpg,200
Stage1 (91).jpg,214
Stage1 (92).jpg,201
Stage1 (93).jpg,211
Stage1 (94).jpg,206
Stage1 (95).jpg,213
Stage1 (96).jpg,199
Stage1 (97).jpg,217
Stage1 (98).jpg,203
Stage1 (99).jpg,211
Stage1 (100).jpg,201
Stage1 (101).jpg,215
Stage1 (102).jpg,201
Stage1 (103).jpg,208
Stage1 (104).jpg,202
Stage1 (105).jpg,214
Stage1 (106).jpg,214
Stage1 (107).jpg,201
Stage1 (108).jpg,201
Stage1 (109).jpg,208
Stage1 (110).jpg,202
Stage1 (111).jpg,214
Stage1 (112).jpg,214
Stage1 (113).jpg,204
Stage1 (114).jpg,209
Stage1 (115).jpg,203
Stage1 (116).jpg,213
Stage1 (117).jpg,199
Stage1 (118).jpg,217
Stage1 (119).jpg,203
Stage1 (120).jpg,211
Stage1 (121).jpg,201
Stage1 (122).jpg,215
Stage1 (123).jpg,205
Stage1 (124).jpg,208
Stage1 (125).jpg,203
Stage1 (126).jpg,211
Stage1 (127).jpg,201
Stage1 (128).jpg,215
Stage1 (129).jpg,205
Stage1 (130).jpg,208
Stage1 (131).jpg,202
Stage1 (132).jpg,214
Stage1 (133).jpg,200
Stage1 (134).jpg,216
Stage1 (135).jpg,214
Stage1 (136).jpg,201
Stage1 (137).jpg,211
Stage1 (138).jpg,206
Stage1 (139).jpg,212
Stage1 (140).jpg,199
Stage1 (141).jpg,216
Stage1 (142).jpg,204
Stage1 (143).jpg,209
Stage1 (144).jpg,203
Stage1 (145).jpg,213
Stage1 (146).jpg,199
Stage1 (147).jpg,208
Stage1 (148).jpg,203
Stage1 (149).jpg,211
Stage1 (150).jpg,201
Stage1 (151).jpg,215
Stage1 (152).jpg,205
Stage1 (153).jpg,208
Stage1 (154).jpg,202
Stage1 (155).jpg,214
Stage1 (156).jpg,201
Stage1 (157).jpg,211
Stage1 (158).jpg,206
Stage1 (159).jpg,212
Stage1 (160).jpg,199
Stage1 (161).jpg,216
Stage1 (162).jpg,204
Stage1 (163).jpg,209
Stage1 (164).jpg,203
Stage1 (165).jpg,213
Stage1 (166).jpg,199
Stage1 (167).jpg,217
Stage1 (168).jpg,203
Stage1 (169).jpg,213
Stage1 (170).jpg,199
Stage1 (171).jpg,203
Stage1 (172).jpg,213
Stage1 (173).jpg,199
Stage1 (174).jpg,202
Stage1 (175).jpg,214
Stage1 (176).jpg,200
Stage1 (177).jpg,214
Stage1 (178).jpg,201
Stage1 (179).jpg,211
Stage1 (180).jpg,206
Stage1 (181).jpg,212
Stage1 (182).jpg,199
Stage1 (183).jpg,216
Stage1 (184).jpg,204
Stage1 (185).jpg,209
Stage1 (186).jpg,203
Stage1 (187).jpg,213
Stage1 (188).jpg,199
Stage1 (189).jpg,217
Stage1 (190).jpg,203
Stage1 (191).jpg,211
Stage1 (192).jpg,201
Stage1 (193).jpg,215
Stage1 (194).jpg,205
Stage1 (195).jpg,208
Stage1 (196).jpg,202
Stage1 (197).jpg,214
Stage1 (198).jpg,200
Stage1 (199).jpg,214
Stage1 (200).jpg,201
Stage1 (201).jpg,211
Stage1 (202).jpg,206
Stage1 (203).jpg,212
Stage1 (204).jpg,199
Stage1 (205).jpg,216
Stage1 (206).jpg,204
Stage1 (207).jpg,209
Stage1 (208).jpg,203
Stage1 (209).jpg,213
Stage1 (210).jpg,199
Stage1 (211).jpg,217
Stage1 (212).jpg,203
Stage1 (213).jpg,211
Stage1 (214).jpg,201
Stage1 (215).jpg,215
Stage1 (216).jpg,205
Stage1 (217).jpg,214
Stage1 (218).jpg,201
Stage1 (219).jpg,211
Stage1 (220).jpg,206
Stage1 (221).jpg,212
Stage1 (222).jpg,199
Stage1 (223).jpg,216
Stage1 (224).jpg,204
Stage1 (225).jpg,209
Stage1 (226).jpg,203
Stage1 (227).jpg,213
Stage1 (228).jpg,199
Stage1 (229).jpg,217
Stage1 (230).jpg,203
Stage1 (231).jpg,211
Stage1 (232).jpg,201
Stage1 (233).jpg,215
Stage1 (234).jpg,205
Stage1 (235).jpg,208
Stage1 (236).jpg,202
Stage1 (237).jpg,214
Stage1 (238).jpg,200
Stage1 (239).jpg,216
Stage1 (240).jpg,204
Stage1 (241).jpg,214
Stage1 (242).jpg,201
Stage1 (243).jpg,211
Stage1 (244).jpg,206
Stage1 (245).jpg,212
Stage1 (246).jpg,199
Stage1 (247).jpg,216
Stage1 (248).jpg,204
Stage1 (249).jpg,209
Stage1 (250).jpg,203
Stage1 (251).jpg,213
Stage1 (252).jpg,199
Stage1 (253).jpg,217
Stage1 (254).jpg,203
Stage1 (255).jpg,211
Stage1 (256).jpg,201
Stage1 (257).jpg,215
Stage1 (258).jpg,205
Stage1 (259).jpg,208
Stage1 (260).jpg,202
Stage1 (261).jpg,214
Stage1 (262).jpg,200
Stage1 (263).jpg,216
Stage1 (264).jpg,204
Stage1 (265).jpg,214
Stage1 (266).jpg,201
Stage1 (267).jpg,211
Stage1 (268).jpg,217
Stage1 (269).jpg,203
Stage1 (270).jpg,211
Stage1 (271).jpg,201
Stage1 (272).jpg,215
Stage1 (273).jpg,205
Stage1 (274).jpg,208
Stage1 (275).jpg,213
Stage1 (276).jpg,199
Stage1 (277).jpg,217
Stage1 (278).jpg,203
Stage1 (279).jpg,211
Stage1 (280).jpg,201
Stage1 (281).jpg,215
Stage1 (282).jpg,205
Stage1 (283).jpg,208
Stage1 (284).jpg,202
Stage1 (285).jpg,214
Stage1 (286).jpg,201
Stage1 (287).jpg,211
Stage1 (288).jpg,206
Stage1 (289).jpg,212
Stage1 (290).jpg,199
Stage1 (291).jpg,216
Stage1 (292).jpg,204
Stage1 (293).jpg,209
Stage1 (294).jpg,203
Stage1 (295).jpg,213
Stage1 (296).jpg,199
Stage1 (297).jpg,217
Stage1 (298).jpg,203
Stage1 (299).jpg,211
Stage1 (300).jpg,201
Stage1 (301).jpg,215
Stage1 (302).jpg,205
Stage1 (303).jpg,208
Stage1 (304).jpg,214
Stage1 (305).jpg,201
Stage1 (306).jpg,211
Stage1 (307).jpg,206
Stage1 (308).jpg,212
Stage1 (309).jpg,199
Stage1 (310).jpg,216
Stage1 (311).jpg,204
Stage1 (312).jpg,209
Stage1 (313).jpg,203
Stage1 (314).jpg,213
Stage1 (315).jpg,199
Stage1 (316).jpg,217
Stage1 (317).jpg,203
Stage1 (318).jpg,211
Stage1 (319).jpg,201
Stage1 (320).jpg,215
Stage1 (321).jpg,205
Stage1 (322).jpg,208
Stage1 (323).jpg,202
Stage1 (324).jpg,214
Stage1 (325).jpg,214
Stage1 (326).jpg,201
Stage1 (327).jpg,211
Stage1 (328).jpg,206
Stage1 (329).jpg,212
Stage1 (330).jpg,199
Stage1 (331).jpg,216
Stage1 (332).jpg,204
Stage1 (333).jpg,209
Stage1 (334).jpg,203
Stage1 (335).jpg,213
Stage1 (336).jpg,199
Stage1 (337).jpg,217
Stage1 (338).jpg,203
Stage1 (339).jpg,211
Stage1 (340).jpg,206
Stage1 (341).jpg,212
Stage1 (342).jpg,199
Stage1 (343).jpg,216
Stage1 (344).jpg,204
Stage1 (345).jpg,209
Stage1 (346).jpg,203
Stage1 (347).jpg,213
Stage1 (348).jpg,199
Stage1 (349).jpg,207
Stage1 (350).jpg,202
Stage1 (351).jpg,214
Stage1 (352).jpg,200
Stage1 (353).jpg,216
Stage1 (354).jpg,204
Stage1 (355).jpg,201
Stage1 (356).jpg,215
Stage1 (357).jpg,205
Stage1 (358).jpg,208
Stage1 (359).jpg,202
Stage1 (360).jpg,214
Stage1 (361).jpg,200
Stage1 (362).jpg,208
Stage1 (363).jpg,202
Stage1 (364).jpg,214
Stage1 (365).jpg,200
Stage1 (366).jpg,216
Stage1 (367).jpg,204
Stage1 (368).jpg,204
Stage2 (1).jpg,553
Stage2 (2).jpg,520
Stage2 (3).jpg,540
Stage2 (4).jpg,534
Stage2 (5).jpg,550
Stage2 (6).jpg,519
Stage2 (7).jpg,553
Stage2 (8).jpg,534
Stage2 (9).jpg,540
Stage2 (10).jpg,524
Stage2 (11).jpg,550
Stage2 (12).jpg,518
Stage2 (13).jpg,558
Stage2 (14).jpg,529
Stage2 (15).jpg,546
Stage2 (16).jpg,524
Stage2 (17).jpg,553
Stage2 (18).jpg,538
Stage2 (19).jpg,539
Stage2 (20).jpg,529
Stage2 (21).jpg,552
Stage2 (22).jpg,523
Stage2 (23).jpg,556
Stage2 (24).jpg,531
Stage2 (25).jpg,538
Stage2 (26).jpg,553
Stage2 (27).jpg,520
Stage2 (28).jpg,540
Stage2 (29).jpg,553
Stage2 (30).jpg,520
Stage2 (31).jpg,540
Stage2 (32).jpg,534
Stage2 (33).jpg,550
Stage2 (34).jpg,519
Stage2 (35).jpg,553
Stage2 (36).jpg,534
Stage2 (37).jpg,540
Stage2 (38).jpg,524
Stage2 (39).jpg,550
Stage2 (40).jpg,553
Stage2 (41).jpg,520
Stage2 (42).jpg,540
Stage2 (43).jpg,553
Stage2 (44).jpg,520
Stage2 (45).jpg,540
Stage2 (46).jpg,534
Stage2 (47).jpg,550
Stage2 (48).jpg,519
Stage2 (49).jpg,553
Stage2 (50).jpg,520
Stage2 (51).jpg,540
Stage2 (52).jpg,534
Stage2 (53).jpg,550
Stage2 (54).jpg,519
Stage2 (55).jpg,553
Stage2 (56).jpg,534
Stage2 (57).jpg,540
Stage2 (58).jpg,524
Stage2 (59).jpg,550
Stage2 (60).jpg,518
Stage2 (61).jpg,558
Stage2 (62).jpg,529
Stage2 (63).jpg,546
Stage2 (64).jpg,553
Stage2 (65).jpg,520
Stage2 (66).jpg,540
Stage2 (67).jpg,534
Stage2 (68).jpg,550
Stage2 (69).jpg,553
Stage2 (70).jpg,520
Stage2 (71).jpg,540
Stage2 (72).jpg,534
Stage2 (73).jpg,550
Stage2 (74).jpg,519
Stage2 (75).jpg,553
Stage2 (76).jpg,534
Stage2 (77).jpg,540
Stage2 (78).jpg,524
Stage2 (79).jpg,550
Stage2 (80).jpg,518
Stage2 (81).jpg,558
Stage2 (82).jpg,529
Stage2 (83).jpg,546
Stage2 (84).jpg,540
Stage2 (85).jpg,524
Stage2 (86).jpg,550
Stage2 (87).jpg,518
Stage2 (88).jpg,558
Stage2 (89).jpg,529
Stage2 (90).jpg,546
Stage2 (91).jpg,546
Stage2 (92).jpg,531
Stage2 (93).jpg,538
Stage2 (94).jpg,553
Stage2 (95).jpg,520
Stage2 (96).jpg,540
Stage2 (97).jpg,553
Stage2 (98).jpg,520
Stage2 (99).jpg,540
Stage2 (100).jpg,534
Stage2 (101).jpg,550
Stage2 (102).jpg,519
Stage2 (103).jpg,553
Stage2 (104).jpg,534
Stage2 (105).jpg,540
Stage2 (106).jpg,524
Stage2 (107).jpg,550
Stage2 (108).jpg,518
Stage2 (109).jpg,558
Stage2 (110).jpg,529
Stage2 (111).jpg,546
Stage2 (112).jpg,539
Stage2 (113).jpg,529
Stage2 (114).jpg,552
Stage2 (115).jpg,523
Stage2 (116).jpg,556
Stage2 (117).jpg,531
Stage2 (118).jpg,538
Stage2 (119).jpg,534
Stage2 (120).jpg,540
Stage2 (121).jpg,524
Stage2 (122).jpg,550
Stage2 (123).jpg,518
Stage2 (124).jpg,558
Stage2 (125).jpg,529
Stage2 (126).jpg,546
Stage2 (127).jpg,524
Stage2 (128).jpg,553
Stage2 (129).jpg,538
Stage2 (130).jpg,539
Stage2 (131).jpg,529
Stage2 (132).jpg,552
Stage2 (133).jpg,523
Stage2 (134).jpg,556
Stage2 (135).jpg,531
Stage2 (136).jpg,538
Stage2 (137).jpg,553
Stage2 (138).jpg,520
Stage2 (139).jpg,540
Stage2 (140).jpg,553
Stage2 (141).jpg,520
Stage2 (142).jpg,540
Stage2 (143).jpg,534
Stage2 (144).jpg,550
Stage2 (145).jpg,519
Stage2 (146).jpg,553
Stage2 (147).jpg,534
Stage2 (148).jpg,540
Stage2 (149).jpg,524
Stage2 (150).jpg,550
Stage2 (151).jpg,518
Stage2 (152).jpg,558
Stage2 (153).jpg,529
Stage2 (154).jpg,546
Stage2 (155).jpg,539
Stage2 (156).jpg,529
Stage2 (157).jpg,552
Stage2 (158).jpg,523
Stage2 (159).jpg,556
Stage2 (160).jpg,531
Stage2 (161).jpg,538
Stage2 (162).jpg,534
Stage2 (163).jpg,540
Stage2 (164).jpg,524
Stage2 (165).jpg,550
Stage2 (166).jpg,518
Stage2 (167).jpg,558
Stage2 (168).jpg,529
Stage2 (169).jpg,546
Stage2 (170).jpg,524
Stage2 (171).jpg,553
Stage2 (172).jpg,538
Stage2 (173).jpg,539
Stage2 (174).jpg,529
Stage2 (175).jpg,552
Stage2 (176).jpg,523
Stage2 (177).jpg,556
Stage2 (178).jpg,531
Stage2 (179).jpg,538
Stage2 (180).jpg,556
Stage2 (181).jpg,531
Stage2 (182).jpg,538
Stage2 (183).jpg,534
Stage2 (184).jpg,540
Stage2 (185).jpg,524
Stage2 (186).jpg,550
Stage2 (187).jpg,518
Stage2 (188).jpg,558
Stage2 (189).jpg,529
Stage2 (190).jpg,538
Stage2 (191).jpg,534
Stage2 (192).jpg,540
Stage2 (193).jpg,524
Stage2 (194).jpg,550
Stage2 (195).jpg,518
Stage2 (196).jpg,558
Stage2 (197).jpg,529
Stage2 (198).jpg,539
Stage2 (199).jpg,529
Stage2 (200).jpg,552
Stage2 (201).jpg,523
Stage2 (202).jpg,556
Stage2 (203).jpg,531
Stage2 (204).jpg,538
Stage2 (205).jpg,534
Stage2 (206).jpg,540
Stage2 (207).jpg,524
Stage2 (208).jpg,550
Stage2 (209).jpg,518
Stage2 (210).jpg,558
Stage2 (211).jpg,529
Stage2 (212).jpg,546
Stage2 (213).jpg,524
Stage2 (214).jpg,553
Stage2 (215).jpg,538
Stage2 (216).jpg,539
Stage2 (217).jpg,529
Stage2 (218).jpg,552
Stage2 (219).jpg,523
Stage2 (220).jpg,556
Stage2 (221).jpg,531
Stage2 (222).jpg,538
Stage2 (223).jpg,553
Stage2 (224).jpg,520
Stage2 (225).jpg,540
Stage2 (226).jpg,534
Stage2 (227).jpg,550
Stage2 (228).jpg,519
Stage2 (229).jpg,553
Stage2 (230).jpg,534
Stage2 (231).jpg,540
Stage2 (232).jpg,524
Stage2 (233).jpg,550
Stage2 (234).jpg,518
Stage2 (235).jpg,558
Stage2 (236).jpg,529
Stage2 (237).jpg,546
Stage2 (238).jpg,524
Stage2 (239).jpg,553
Stage2 (240).jpg,538
Stage2 (241).jpg,539
Stage2 (242).jpg,529
Stage2 (243).jpg,552
Stage2 (244).jpg,523
Stage2 (245).jpg,534
Stage2 (246).jpg,540
Stage2 (247).jpg,524
Stage2 (248).jpg,550
Stage2 (249).jpg,518
Stage2 (250).jpg,558
Stage2 (251).jpg,529
Stage2 (252).jpg,546
Stage2 (253).jpg,556
Stage2 (254).jpg,531
Stage2 (255).jpg,538
Stage2 (256).jpg,534
Stage2 (257).jpg,540
Stage2 (258).jpg,524
Stage2 (259).jpg,556
Stage2 (260).jpg,531
Stage2 (261).jpg,538
Stage2 (262).jpg,534
Stage2 (263).jpg,540
Stage2 (264).jpg,524
Stage2 (265).jpg,550
Stage2 (266).jpg,518
Stage2 (267).jpg,558
Stage2 (268).jpg,529
Stage2 (269).jpg,553
Stage2 (270).jpg,534
Stage2 (271).jpg,540
Stage2 (272).jpg,524
Stage2 (273).jpg,550
Stage2 (274).jpg,534
Stage2 (275).jpg,540
Stage2 (276).jpg,524
Stage2 (277).jpg,550
Stage2 (278).jpg,518
Stage2 (279).jpg,558
Stage2 (280).jpg,529
Stage2 (281).jpg,539
Stage2 (282).jpg,529
Stage2 (283).jpg,552
Stage2 (284).jpg,523
Stage2 (285).jpg,556
Stage2 (286).jpg,531
Stage2 (287).jpg,538
Stage2 (288).jpg,553
Stage2 (289).jpg,520
Stage2 (290).jpg,540
Stage2 (291).jpg,534
Stage2 (292).jpg,524
Stage2 (293).jpg,550
Stage2 (294).jpg,518
Stage2 (295).jpg,558
Stage2 (296).jpg,550
Stage2 (297).jpg,518
Stage2 (298).jpg,558
Stage2 (299).jpg,529
Stage2 (300).jpg,546
Stage2 (301).jpg,524
Stage2 (302).jpg,553
Stage2 (303).jpg,534
Stage2 (304).jpg,524
Stage2 (305).jpg,550
Stage2 (306).jpg,518
Stage2 (307).jpg,518
Stage2 (308).jpg,558
Stage2 (309).jpg,550
Stage2 (310).jpg,518
Stage2 (311).jpg,558
Stage2 (312).jpg,529
Stage2 (313).jpg,546
Stage2 (314).jpg,524
Stage2 (315).jpg,553
Stage2 (316).jpg,518
Stage2 (317).jpg,558
Stage2 (318).jpg,550
Stage2 (319).jpg,518
Stage2 (320).jpg,558
Stage2 (321).jpg,529
Stage2 (322).jpg,546
Stage2 (323).jpg,524
Stage2 (324).jpg,553
Stage2 (325).jpg,534
Stage2 (326).jpg,518
Stage2 (327).jpg,558
Stage2 (328).jpg,529
Stage2 (329).jpg,546
Stage2 (330).jpg,524
Stage2 (331).jpg,553
Stage2 (332).jpg,534
Stage2 (333).jpg,558
Stage2 (334).jpg,529
Stage2 (335).jpg,546
Stage2 (336).jpg,524
Stage2 (337).jpg,553
Stage2 (338).jpg,538
Stage2 (339).jpg,518
Stage2 (340).jpg,558
Stage2 (341).jpg,550
Stage2 (342).jpg,518
Stage2 (343).jpg,558
Stage2 (344).jpg,529
Stage2 (345).jpg,546
Stage2 (346).jpg,524
Stage2 (347).jpg,553
Stage2 (348).jpg,534
Stage2 (349).jpg,558
Stage2 (350).jpg,529
Stage2 (351).jpg,546
Stage2 (352).jpg,524
Stage2 (353).jpg,553
Stage2 (354).jpg,534
Stage2 (355).jpg,524
Stage2 (356).jpg,550
Stage2 (357).jpg,518
Stage2 (358).jpg,558
Stage2 (359).jpg,529
Stage2 (360).jpg,546
Stage2 (361).jpg,524
Stage2 (362).jpg,553
Stage2 (363).jpg,538
Stage2 (364).jpg,539
Stage2 (365).jpg,518
Stage2 (366).jpg,558
Stage2 (367).jpg,550
Stage2 (368).jpg,518
Stage2 (369).jpg,558
Stage2 (370).jpg,529
Stage2 (371).jpg,546
Stage2 (372).jpg,524
Stage2 (373).jpg,553
Stage2 (374).jpg,534
Stage2 (375).jpg,538
Stage2 (376).jpg,539
Stage2 (377).jpg,529
Stage2 (378).jpg,552
Stage2 (379).jpg,523
Stage2 (380).jpg,556
Stage2 (381).jpg,531
Stage2 (382).jpg,538
Stage2 (383).jpg,553
Stage2 (384).jpg,520
Stage2 (385).jpg,524
Stage2 (386).jpg,553
Stage2 (387).jpg,534
Stage2 (388).jpg,524
Stage2 (389).jpg,550
Stage2 (390).jpg,518
Stage2 (391).jpg,558
Stage2 (392).jpg,529
Stage2 (393).jpg,546
Stage2 (394).jpg,524
Stage2 (395).jpg,553
Stage2 (396).jpg,538
Stage2 (397).jpg,539
Stage2 (398).jpg,524
Stage2 (399).jpg,553
Stage2 (400).jpg,538
Stage2 (401).jpg,539
Stage2 (402).jpg,529
Stage2 (403).jpg,552
Stage2 (404).jpg,523
Stage2 (405).jpg,556
Stage2 (406).jpg,531
Stage2 (407).jpg,534
Stage2 (408).jpg,540
Stage2 (409).jpg,524
Stage2 (410).jpg,550
Stage2 (411).jpg,518
Stage2 (412).jpg,558
Stage2 (413).jpg,529
Stage2 (414).jpg,546
Stage2 (415).jpg,524
Stage2 (416).jpg,553
Stage2 (417).jpg,538
Stage2 (418).jpg,539
Stage2 (419).jpg,529
Stage2 (420).jpg,552
Stage2 (421).jpg,523
Stage2 (422).jpg,556
Stage2 (423).jpg,531
Stage2 (424).jpg,538
Stage2 (425).jpg,553
Stage2 (426).jpg,524
Stage2 (427).jpg,553
Stage2 (428).jpg,534
Stage2 (429).jpg,524
Stage2 (430).jpg,550
Stage2 (431).jpg,518
Stage2 (432).jpg,558
Stage2 (433).jpg,529
Stage2 (434).jpg,546
Stage2 (435).jpg,524
Stage2 (436).jpg,553
Stage2 (437).jpg,538
Stage2 (438).jpg,550
Stage2 (439).jpg,518
Stage2 (440).jpg,558
Stage2 (441).jpg,529
Stage2 (442).jpg,546
Stage2 (443).jpg,524
Stage2 (444).jpg,553
Stage2 (445).jpg,538
Stage2 (446).jpg,539
Stage2 (447).jpg,529
Stage2 (448).jpg,552
Stage2 (449).jpg,534
Stage2 (450).jpg,534
Stage2 (451).jpg,524
Stage2 (452).jpg,550
Stage2 (453).jpg,518
Stage2 (454).jpg,558
Stage2 (455).jpg,529
Stage2 (456).jpg,546
Stage2 (457).jpg,524
Stage2 (458).jpg,550
Stage2 (459).jpg,518
Stage2 (460).jpg,558
Stage2 (461).jpg,529
Stage2 (462).jpg,546
Stage2 (463).jpg,524
Stage2 (464).jpg,553
Stage2 (465).jpg,538
Stage2 (466).jpg,539
Stage2 (467).jpg,529
Stage2 (468).jpg,552
Stage2 (469).jpg,534
Stage2 (470).jpg,534
Stage2 (471).jpg,540
Stage2 (472).jpg,524
Stage2 (473).jpg,550
Stage2 (474).jpg,518
Stage2 (475).jpg,558
Stage2 (476).jpg,529
Stage2 (477).jpg,546
Stage2 (478).jpg,524
Stage2 (479).jpg,553
Stage2 (480).jpg,538
Stage2 (481).jpg,539
Stage2 (482).jpg,529
Stage2 (483).jpg,552
Stage2 (484).jpg,534
Stage2 (485).jpg,540
Stage2 (486).jpg,524
Stage2 (487).jpg,550
Stage2 (488).jpg,518
Stage2 (489).jpg,558
Stage2 (490).jpg,529
Stage2 (491).jpg,546
Stage2 (492).jpg,524
Stage2 (493).jpg,553
Stage2 (494).jpg,538
Stage2 (495).jpg,539
Stage2 (496).jpg,529
Stage2 (497).jpg,552
Stage2 (498).jpg,523
Stage2 (499).jpg,556
Stage2 (500).jpg,531
Stage2 (501).jpg,538
Stage2 (502).jpg,553
Stage2 (503).jpg,520
Stage2 (504).jpg,540
Stage2 (505).jpg,534
Stage2 (506).jpg,550
Stage2 (507).jpg,519
Stage2 (508).jpg,553
Stage2 (509).jpg,534
Stage2 (510).jpg,524
Stage2 (511).jpg,553
Stage2 (512).jpg,538
Stage2 (513).jpg,539
Stage2 (514).jpg,529
Stage2 (515).jpg,552
Stage2 (516).jpg,523
Stage2 (517).jpg,519
Stage2 (518).jpg,553
Stage2 (519).jpg,534
Stage2 (520).jpg,524
Stage2 (521).jpg,553
Stage2 (522).jpg,538
Stage2 (523).jpg,539
Stage2 (524).jpg,529
Stage2 (525).jpg,552
Stage2 (526).jpg,538
Stage2 (527).jpg,553
Stage2 (528).jpg,538
Stage2 (529).jpg,539
Stage2 (530).jpg,529
Stage2 (531).jpg,552
Stage2 (532).jpg,523
Stage2 (533).jpg,519
Stage2 (534).jpg,553
Stage2 (535).jpg,534
Stage2 (536).jpg,546
Stage2 (537).jpg,524
Stage2 (538).jpg,553
Stage2 (539).jpg,538
Stage3 (1).jpg,664
Stage3 (2).jpg,629
Stage3 (3).jpg,656
Stage3 (4).jpg,642
Stage3 (5).jpg,660
Stage3 (6).jpg,625
Stage3 (7).jpg,670
Stage3 (8).jpg,638
Stage3 (9).jpg,651
Stage3 (10).jpg,632
Stage3 (11).jpg,662
Stage3 (12).jpg,622
Stage3 (13).jpg,672
Stage3 (14).jpg,635
Stage3 (15).jpg,657
Stage3 (16).jpg,627
Stage3 (17).jpg,667
Stage3 (18).jpg,640
Stage3 (19).jpg,649
Stage3 (20).jpg,633
Stage3 (21).jpg,663
Stage3 (22).jpg,626
Stage3 (23).jpg,671
Stage3 (24).jpg,640
Stage3 (25).jpg,644
Stage3 (26).jpg,664
Stage3 (27).jpg,629
Stage3 (28).jpg,656
Stage3 (29).jpg,642
Stage3 (30).jpg,660
Stage3 (31).jpg,625
Stage3 (32).jpg,670
Stage3 (33).jpg,638
Stage3 (34).jpg,651
Stage3 (35).jpg,632
Stage3 (36).jpg,662
Stage3 (37).jpg,622
Stage3 (38).jpg,672
Stage3 (39).jpg,635
Stage3 (40).jpg,657
Stage3 (41).jpg,627
Stage3 (42).jpg,667
Stage3 (43).jpg,640
Stage3 (44).jpg,649
Stage3 (45).jpg,633
Stage3 (46).jpg,663
Stage3 (47).jpg,626
Stage3 (48).jpg,671
Stage3 (49).jpg,640
Stage3 (50).jpg,644
Stage3 (51).jpg,660
Stage3 (52).jpg,625
Stage3 (53).jpg,670
Stage3 (54).jpg,638
Stage3 (55).jpg,651
Stage3 (56).jpg,632
Stage3 (57).jpg,662
Stage3 (58).jpg,622
Stage3 (59).jpg,672
Stage3 (60).jpg,635
Stage3 (61).jpg,657
Stage3 (62).jpg,627
Stage3 (63).jpg,667
Stage3 (64).jpg,640
Stage3 (65).jpg,649
Stage3 (66).jpg,633
Stage3 (67).jpg,663
Stage3 (68).jpg,626
Stage3 (69).jpg,671
Stage3 (70).jpg,640
Stage3 (71).jpg,644
Stage3 (72).jpg,664
Stage3 (73).jpg,629
Stage3 (74).jpg,656
Stage3 (75).jpg,642
Stage3 (76).jpg,660
Stage3 (77).jpg,625
Stage3 (78).jpg,670
Stage3 (79).jpg,638
Stage3 (80).jpg,651
Stage3 (81).jpg,632
Stage3 (82).jpg,662
Stage3 (83).jpg,622
Stage3 (84).jpg,672
Stage3 (85).jpg,660
Stage3 (86).jpg,625
Stage3 (87).jpg,670
Stage3 (88).jpg,638
Stage3 (89).jpg,651
Stage3 (90).jpg,632
Stage3 (91).jpg,662
Stage3 (92).jpg,622
Stage3 (93).jpg,672
Stage3 (94).jpg,635
Stage3 (95).jpg,657
Stage3 (96).jpg,627
Stage3 (97).jpg,667
Stage3 (98).jpg,640
Stage3 (99).jpg,649
Stage3 (100).jpg,660
Stage3 (101).jpg,625
Stage3 (102).jpg,670
Stage3 (103).jpg,638
Stage3 (104).jpg,651
Stage3 (105).jpg,632
Stage3 (106).jpg,662
Stage3 (107).jpg,622
Stage3 (108).jpg,672
Stage3 (109).jpg,635
Stage3 (110).jpg,657
Stage3 (111).jpg,627
Stage3 (112).jpg,667
Stage3 (113).jpg,640
Stage3 (114).jpg,649
Stage3 (115).jpg,633
Stage3 (116).jpg,663
Stage3 (117).jpg,626
Stage3 (118).jpg,671
Stage3 (119).jpg,640
Stage3 (120).jpg,644
Stage3 (121).jpg,664
Stage3 (122).jpg,629
Stage3 (123).jpg,656
Stage3 (124).jpg,642
Stage3 (125).jpg,660
Stage3 (126).jpg,625
Stage3 (127).jpg,670
Stage3 (128).jpg,638
Stage3 (129).jpg,651
Stage3 (130).jpg,632
Stage3 (131).jpg,662
Stage3 (132).jpg,622
Stage3 (133).jpg,672
Stage3 (134).jpg,635
Stage3 (135).jpg,657
Stage3 (136).jpg,627
Stage3 (137).jpg,667
Stage3 (138).jpg,640
Stage3 (139).jpg,649
Stage3 (140).jpg,633
Stage3 (141).jpg,663
Stage3 (142).jpg,626
Stage3 (143).jpg,671
Stage3 (144).jpg,640
Stage3 (145).jpg,644
Stage3 (146).jpg,664
Stage3 (147).jpg,629
Stage3 (148).jpg,656
Stage3 (149).jpg,642
Stage3 (150).jpg,660
Stage3 (151).jpg,625
Stage3 (152).jpg,670
Stage3 (153).jpg,638
Stage3 (154).jpg,651
Stage3 (155).jpg,632
Stage3 (156).jpg,662
Stage3 (157).jpg,622
Stage3 (158).jpg,672
Stage3 (159).jpg,635
Stage3 (160).jpg,657
Stage3 (161).jpg,627
Stage3 (162).jpg,667
Stage3 (163).jpg,640
Stage3 (164).jpg,649
Stage3 (165).jpg,633
Stage3 (166).jpg,663
Stage3 (167).jpg,626
Stage3 (168).jpg,671
Stage3 (169).jpg,640
Stage3 (170).jpg,644
Stage3 (171).jpg,664
Stage3 (172).jpg,629
Stage3 (173).jpg,656
Stage3 (174).jpg,642
Stage3 (175).jpg,660
Stage3 (176).jpg,625
Stage3 (177).jpg,670
Stage3 (178).jpg,638
Stage3 (179).jpg,651
Stage3 (180).jpg,632
Stage3 (181).jpg,662
Stage3 (182).jpg,622
Stage3 (183).jpg,672
Stage3 (184).jpg,635
Stage3 (185).jpg,657
Stage3 (186).jpg,627
Stage3 (187).jpg,667
Stage3 (188).jpg,640
Stage3 (189).jpg,649
Stage3 (190).jpg,633
Stage3 (191).jpg,663
Stage3 (192).jpg,626
Stage3 (193).jpg,671
Stage3 (194).jpg,640
Stage3 (195).jpg,644
Stage3 (196).jpg,664
Stage3 (197).jpg,629
Stage3 (198).jpg,656
Stage3 (199).jpg,642
Stage3 (200).jpg,660
Stage3 (201).jpg,625
Stage3 (202).jpg,670
Stage3 (203).jpg,638
Stage3 (204).jpg,651
Stage3 (205).jpg,632
Stage3 (206).jpg,662
Stage3 (207).jpg,622
Stage3 (208).jpg,672
Stage3 (209).jpg,635
Stage3 (210).jpg,657
Stage3 (211).jpg,627
Stage3 (212).jpg,667
Stage3 (213).jpg,640
Stage3 (214).jpg,649
Stage3 (215).jpg,633
Stage3 (216).jpg,663
Stage3 (217).jpg,626
Stage3 (218).jpg,671
Stage3 (219).jpg,640
Stage3 (220).jpg,644
Stage3 (221).jpg,664
Stage3 (222).jpg,629
Stage3 (223).jpg,656
Stage3 (224).jpg,642
Stage3 (225).jpg,660
Stage3 (226).jpg,625
Stage3 (227).jpg,670
Stage3 (228).jpg,660
Stage3 (229).jpg,625
Stage3 (230).jpg,670
Stage3 (231).jpg,638
Stage3 (232).jpg,651
Stage3 (233).jpg,632
Stage3 (234).jpg,662
Stage3 (235).jpg,622
Stage3 (236).jpg,672
Stage3 (237).jpg,635
Stage3 (238).jpg,657
Stage3 (239).jpg,627
Stage3 (240).jpg,667
Stage3 (241).jpg,640
Stage3 (242).jpg,649
Stage3 (243).jpg,633
Stage3 (244).jpg,663
Stage3 (245).jpg,626
Stage3 (246).jpg,671
Stage3 (247).jpg,640
Stage3 (248).jpg,644
Stage3 (249).jpg,664
Stage3 (250).jpg,629
Stage3 (251).jpg,656
Stage3 (252).jpg,642
Stage3 (253).jpg,660
Stage3 (254).jpg,625
Stage3 (255).jpg,670
Stage3 (256).jpg,638
Stage3 (257).jpg,660
Stage3 (258).jpg,625
Stage3 (259).jpg,670
Stage3 (260).jpg,638
Stage3 (261).jpg,651
Stage3 (262).jpg,632
Stage3 (263).jpg,662
Stage3 (264).jpg,622
Stage3 (265).jpg,672
Stage3 (266).jpg,635
Stage3 (267).jpg,657
Stage3 (268).jpg,627
Stage3 (269).jpg,667
Stage3 (270).jpg,640
Stage3 (271).jpg,649
Stage3 (272).jpg,633
Stage3 (273).jpg,663
Stage3 (274).jpg,626
Stage3 (275).jpg,671
Stage3 (276).jpg,640
Stage3 (277).jpg,644
Stage3 (278).jpg,664
Stage3 (279).jpg,629
Stage3 (280).jpg,656
Stage3 (281).jpg,642
Stage3 (282).jpg,660
Stage3 (283).jpg,625
Stage3 (284).jpg,670
Stage3 (285).jpg,660
Stage3 (286).jpg,625
Stage3 (287).jpg,670
Stage3 (288).jpg,638
Stage3 (289).jpg,651
Stage3 (290).jpg,632
Stage3 (291).jpg,662
Stage3 (292).jpg,622
Stage3 (293).jpg,672
Stage3 (294).jpg,635
Stage3 (295).jpg,657
Stage3 (296).jpg,627
Stage3 (297).jpg,667
Stage3 (298).jpg,640
Stage3 (299).jpg,649
Stage3 (300).jpg,633
Stage3 (301).jpg,663
Stage3 (302).jpg,626
Stage3 (303).jpg,671
Stage3 (304).jpg,640
Stage3 (305).jpg,644
Stage3 (306).jpg,664
Stage3 (307).jpg,629
Stage3 (308).jpg,656
Stage3 (309).jpg,642
Stage3 (310).jpg,660
Stage3 (311).jpg,625
Stage3 (312).jpg,670
Stage3 (313).jpg,638
Stage3 (314).jpg,651
Stage3 (315).jpg,660
Stage3 (316).jpg,625
Stage3 (317).jpg,670
Stage3 (318).jpg,638
Stage3 (319).jpg,651
Stage3 (320).jpg,632
Stage3 (321).jpg,662
Stage3 (322).jpg,622
Stage3 (323).jpg,672
Stage3 (324).jpg,635
Stage3 (325).jpg,657
Stage3 (326).jpg,627
Stage3 (327).jpg,667
Stage3 (328).jpg,640
Stage3 (329).jpg,649
Stage3 (330).jpg,633
Stage3 (331).jpg,663
Stage3 (332).jpg,626
Stage3 (333).jpg,671
Stage3 (334).jpg,640
Stage3 (335).jpg,644
Stage3 (336).jpg,664
Stage3 (337).jpg,629
Stage3 (338).jpg,656
Stage3 (339).jpg,642
Stage3 (340).jpg,660
Stage3 (341).jpg,625
Stage3 (342).jpg,670
Stage3 (343).jpg,638
Stage3 (344).jpg,651
Stage3 (345).jpg,632
Stage3 (346).jpg,660
Stage3 (347).jpg,625
Stage3 (348).jpg,670
Stage3 (349).jpg,638
Stage3 (350).jpg,651
Stage3 (351).jpg,632
Stage3 (352).jpg,662
Stage3 (353).jpg,622
Stage3 (354).jpg,672
Stage3 (355).jpg,635
Stage3 (356).jpg,657
Stage3 (357).jpg,627
Stage3 (358).jpg,667
Stage3 (359).jpg,640
Stage3 (360).jpg,649
Stage3 (361).jpg,633
Stage3 (362).jpg,663
Stage3 (363).jpg,626
Stage3 (364).jpg,671
Stage3 (365).jpg,640
Stage3 (366).jpg,644
Stage3 (367).jpg,664
Stage3 (368).jpg,629
Stage3 (369).jpg,656
Stage3 (370).jpg,642
Stage3 (371).jpg,660
Stage3 (372).jpg,625
Stage3 (373).jpg,670
Stage3 (374).jpg,638
Stage3 (375).jpg,651
Stage3 (376).jpg,632
Stage3 (377).jpg,662
Stage3 (378).jpg,660
Stage3 (379).jpg,625
Stage3 (380).jpg,670
Stage3 (381).jpg,638
Stage3 (382).jpg,651
Stage3 (383).jpg,632
Stage3 (384).jpg,662
Stage3 (385).jpg,622
Stage3 (386).jpg,672
Stage3 (387).jpg,635
Stage3 (388).jpg,657
Stage3 (389).jpg,627
Stage3 (390).jpg,667
Stage3 (391).jpg,640
Stage3 (392).jpg,649
Stage3 (393).jpg,633
Stage3 (394).jpg,663
Stage3 (395).jpg,626
Stage3 (396).jpg,671
Stage3 (397).jpg,640
Stage3 (398).jpg,644
Stage3 (399).jpg,664
Stage3 (400).jpg,629
Stage3 (401).jpg,656
Stage3 (402).jpg,642
Stage3 (403).jpg,660
Stage3 (404).jpg,625
Stage3 (405).jpg,670
Stage3 (406).jpg,638
Stage3 (407).jpg,651
Stage3 (408).jpg,660
Stage3 (409).jpg,625
Stage3 (410).jpg,670
Stage3 (411).jpg,638
Stage3 (412).jpg,651
Stage3 (413).jpg,632
Stage3 (414).jpg,662
Stage3 (415).jpg,622
Stage3 (416).jpg,672
Stage3 (417).jpg,635
Stage3 (418).jpg,657
Stage3 (419).jpg,627
Stage3 (420).jpg,667
Stage3 (421).jpg,640
Stage3 (422).jpg,649
Stage3 (423).jpg,633
Stage3 (424).jpg,663
Stage3 (425).jpg,626
Stage3 (426).jpg,671
Stage3 (427).jpg,640
Stage3 (428).jpg,644
Stage3 (429).jpg,664
Stage3 (430).jpg,629
Stage3 (431).jpg,656
Stage3 (432).jpg,642
Stage3 (433).jpg,660
Stage3 (434).jpg,625
Stage3 (435).jpg,670
Stage3 (436).jpg,638
Stage3 (437).jpg,651
Stage3 (438).jpg,632
Stage3 (439).jpg,660
Stage3 (440).jpg,625
Stage3 (441).jpg,670
Stage3 (442).jpg,638
Stage3 (443).jpg,651
Stage3 (444).jpg,632
Stage3 (445).jpg,662
Stage3 (446).jpg,622
Stage3 (447).jpg,672
Stage3 (448).jpg,635
Stage3 (449).jpg,657
Stage3 (450).jpg,627
Stage3 (451).jpg,667
Stage3 (452).jpg,640
Stage3 (453).jpg,649
Stage3 (454).jpg,633
Stage3 (455).jpg,663
Stage3 (456).jpg,626
Stage3 (457).jpg,671
Stage3 (458).jpg,640
Stage3 (459).jpg,644
Stage3 (460).jpg,664
Stage3 (461).jpg,629
Stage3 (462).jpg,656
Stage3 (463).jpg,642
Stage3 (464).jpg,660
Stage3 (465).jpg,625
Stage3 (466).jpg,670
Stage3 (467).jpg,638
Stage3 (468).jpg,651
Stage3 (469).jpg,632
Stage3 (470).jpg,660
Stage3 (471).jpg,625
Stage3 (472).jpg,670
Stage3 (473).jpg,638
Stage3 (474).jpg,651
Stage3 (475).jpg,632
Stage3 (476).jpg,662
Stage3 (477).jpg,622
Stage3 (478).jpg,672
Stage3 (479).jpg,635
Stage3 (480).jpg,657
Stage3 (481).jpg,627
Stage3 (482).jpg,667
Stage3 (483).jpg,640
Stage3 (484).jpg,649
Stage3 (485).jpg,633
Stage3 (486).jpg,663
Stage3 (487).jpg,626
Stage3 (488).jpg,671
Stage3 (489).jpg,640
Stage3 (490).jpg,644
Stage3 (491).jpg,664
Stage3 (492).jpg,629
Stage3 (493).jpg,656
Stage3 (494).jpg,642
Stage3 (495).jpg,660
Stage3 (496).jpg,625
Stage3 (497).jpg,670
Stage3 (498).jpg,638
Stage3 (499).jpg,660
Stage3 (500).jpg,625
Stage3 (501).jpg,670
Stage3 (502).jpg,638
Stage3 (503).jpg,651
Stage3 (504).jpg,632
Stage3 (505).jpg,662
Stage3 (506).jpg,622
Stage3 (507).jpg,672
Stage3 (508).jpg,635
Stage3 (509).jpg,657
Stage3 (510).jpg,627
Stage3 (511).jpg,667
Stage3 (512).jpg,640
Stage3 (513).jpg,649
Stage3 (514).jpg,633
Stage3 (515).jpg,663
Stage3 (516).jpg,626
Stage3 (517).jpg,671
Stage3 (518).jpg,640
Stage3 (519).jpg,644
Stage3 (520).jpg,664
Stage3 (521).jpg,629
Stage3 (522).jpg,656
Stage3 (523).jpg,642
Stage3 (524).jpg,660
Stage3 (525).jpg,625
Stage3 (526).jpg,670
Stage3 (527).jpg,638
Stage3 (528).jpg,651
Stage3 (529).jpg,632
Stage3 (530).jpg,662
Stage3 (531).jpg,622
Stage3 (532).jpg,672
Stage3 (533).jpg,660
Stage3 (534).jpg,625
Stage3 (535).jpg,670
Stage3 (536).jpg,638
Stage3 (537).jpg,651
Stage3 (538).jpg,632
Stage3 (539).jpg,662
Stage3 (540).jpg,622
Stage3 (541).jpg,672
Stage3 (542).jpg,635
Stage3 (543).jpg,657
Stage3 (544).jpg,627
Stage3 (545).jpg,667
Stage3 (546).jpg,640
Stage3 (547).jpg,649
Stage3 (548).jpg,633
Stage3 (549).jpg,663
Stage3 (550).jpg,626
Stage3 (551).jpg,671
Stage3 (552).jpg,640
Stage3 (553).jpg,644
Stage3 (554).jpg,664
Stage3 (555).jpg,629
Stage3 (556).jpg,656
Stage3 (557).jpg,642
Stage3 (558).jpg,660
Stage3 (559).jpg,625
Stage3 (560).jpg,670
Stage3 (561).jpg,638
Stage3 (562).jpg,651
Stage3 (563).jpg,632
Stage3 (564).jpg,660
Stage3 (565).jpg,625
Stage3 (566).jpg,670
Stage3 (567).jpg,638
Stage3 (568).jpg,651
Stage3 (569).jpg,632
Stage3 (570).jpg,662
Stage3 (571).jpg,622
Stage3 (572).jpg,672
Stage3 (573).jpg,635
Stage3 (574).jpg,657
Stage3 (575).jpg,627
Stage3 (576).jpg,667
Stage3 (577).jpg,640
Stage3 (578).jpg,649
Stage3 (579).jpg,633
Stage3 (580).jpg,663
Stage3 (581).jpg,626
Stage3 (582).jpg,671
Stage3 (583).jpg,640
Stage3 (584).jpg,644
Stage3 (585).jpg,664
Stage3 (586).jpg,629
Stage3 (587).jpg,656
Stage3 (588).jpg,642
Stage3 (589).jpg,660
Stage3 (590).jpg,625
Stage3 (591).jpg,670
Stage3 (592).jpg,638
Stage3 (593).jpg,660
Stage3 (594).jpg,625
Stage3 (595).jpg,670
Stage3 (596).jpg,638
Stage3 (597).jpg,651
Stage3 (598).jpg,632
Stage3 (599).jpg,662
Stage3 (600).jpg,622
Stage3 (601).jpg,672
Stage3 (602).jpg,635
Stage3 (603).jpg,657
Stage3 (604).jpg,627
Stage3 (605).jpg,667
Stage3 (606).jpg,640
Stage3 (607).jpg,649
Stage3 (608).jpg,633
Stage3 (609).jpg,663
Stage3 (610).jpg,626
Stage3 (611).jpg,671
Stage3 (612).jpg,640
Stage3 (613).jpg,644
Stage3 (614).jpg,664
Stage3 (615).jpg,629
Stage3 (616).jpg,656
Stage3 (617).jpg,642
Stage3 (618).jpg,660
Stage3 (619).jpg,625
Stage3 (620).jpg,670
Stage3 (621).jpg,638
Stage3 (622).jpg,660
Stage3 (623).jpg,625
Stage3 (624).jpg,670
Stage3 (625).jpg,638
Stage3 (626).jpg,651
Stage3 (627).jpg,632
Stage3 (628).jpg,662
Stage3 (629).jpg,622
Stage3 (630).jpg,672
Stage3 (631).jpg,635
Stage3 (632).jpg,657
Stage3 (633).jpg,627
Stage3 (634).jpg,667
Stage3 (635).jpg,640
Stage3 (636).jpg,649
Stage3 (637).jpg,633
Stage3 (638).jpg,663
Stage3 (639).jpg,626
Stage3 (640).jpg,671
Stage3 (641).jpg,640
Stage3 (642).jpg,644
Stage3 (643).jpg,664
Stage3 (644).jpg,629
Stage3 (645).jpg,656
Stage3 (646).jpg,642
Stage3 (647).jpg,660
Stage3 (648).jpg,625
Stage3 (649).jpg,670
Stage3 (650).jpg,638
Stage3 (651).jpg,651
Stage3 (652).jpg,632
Stage3 (653).jpg,662
Stage3 (654).jpg,622
Stage3 (655).jpg,672
Stage3 (656).jpg,632
Stage3 (657).jpg,662
Stage3 (658).jpg,626
Stage3 (659).jpg,671
Stage4 (1).jpg,84
Stage4 (2).jpg,75
Stage4 (3).jpg,82
Stage4 (4).jpg,80
Stage4 (5).jpg,84
Stage4 (6).jpg,75
Stage4 (7).jpg,84
Stage4 (8).jpg,80
Stage4 (9).jpg,82
Stage4 (10).jpg,77
Stage4 (11).jpg,84
Stage4 (12).jpg,75
Stage4 (13).jpg,84
Stage4 (14).jpg,77
Stage4 (15).jpg,84
Stage4 (16).jpg,77
Stage4 (17).jpg,84
Stage4 (18).jpg,77
Stage4 (19).jpg,80
Stage4 (20).jpg,77
Stage4 (21).jpg,84
Stage4 (22).jpg,75
Stage4 (23).jpg,87
Stage4 (24).jpg,75
Stage4 (25).jpg,84
Stage4 (26).jpg,77
Stage4 (27).jpg,84
Stage4 (28).jpg,77
Stage4 (29).jpg,84
Stage4 (30).jpg,77
Stage4 (31).jpg,80
Stage4 (32).jpg,75
Stage4 (33).jpg,84
Stage4 (34).jpg,80
Stage4 (35).jpg,82
Stage4 (36).jpg,77
Stage4 (37).jpg,84
Stage4 (38).jpg,75
Stage4 (39).jpg,84
Stage4 (40).jpg,77
Stage4 (41).jpg,84
Stage4 (42).jpg,77
Stage4 (43).jpg,84
Stage4 (44).jpg,77
Stage4 (45).jpg,80
Stage4 (46).jpg,77
Stage4 (47).jpg,84
Stage4 (48).jpg,75
Stage4 (49).jpg,87
Stage4 (50).jpg,77
Stage4 (51).jpg,80
Stage4 (52).jpg,84
Stage4 (53).jpg,75
Stage4 (54).jpg,84
Stage4 (55).jpg,80
Stage4 (56).jpg,82
Stage4 (57).jpg,77
Stage4 (58).jpg,84
Stage4 (59).jpg,75
Stage4 (60).jpg,84
Stage4 (61).jpg,77
Stage4 (62).jpg,84
Stage4 (63).jpg,77
Stage4 (64).jpg,84
Stage4 (65).jpg,77
Stage4 (66).jpg,80
Stage4 (67).jpg,77
Stage4 (68).jpg,84
Stage4 (69).jpg,75
Stage4 (70).jpg,87
Stage4 (71).jpg,75
Stage4 (72).jpg,84
Stage4 (73).jpg,77
Stage4 (74).jpg,84
Stage4 (75).jpg,77
Stage4 (76).jpg,84
Stage4 (77).jpg,77
Stage4 (78).jpg,80
Stage4 (79).jpg,75
Stage4 (80).jpg,84
Stage4 (81).jpg,80
Stage4 (82).jpg,82
Stage4 (83).jpg,77
Stage4 (84).jpg,84
Stage4 (85).jpg,75
Stage4 (86).jpg,84
Stage4 (87).jpg,77
Stage4 (88).jpg,84
Stage4 (89).jpg,77
Stage4 (90).jpg,84
Stage4 (91).jpg,77
Stage4 (92).jpg,80
Stage4 (93).jpg,77
Stage4 (94).jpg,84
Stage4 (95).jpg,75
Stage4 (96).jpg,87
Stage4 (97).jpg,77
Stage4 (98).jpg,84
Stage4 (99).jpg,75
Stage4 (100).jpg,84
Stage4 (101).jpg,80
Stage4 (102).jpg,82
Stage4 (103).jpg,77
Stage4 (104).jpg,84
Stage4 (105).jpg,75
Stage4 (106).jpg,84
Stage4 (107).jpg,77
Stage4 (108).jpg,84
Stage4 (109).jpg,77
Stage4 (110).jpg,84
Stage4 (111).jpg,77
Stage4 (112).jpg,80
Stage4 (113).jpg,77
Stage4 (114).jpg,84
Stage4 (115).jpg,75
Stage4 (116).jpg,87
Stage4 (117).jpg,75
Stage4 (118).jpg,84
Stage4 (119).jpg,77
Stage4 (120).jpg,84
Stage4 (121).jpg,77
Stage4 (122).jpg,84
Stage4 (123).jpg,77
Stage4 (124).jpg,80
Stage4 (125).jpg,75
Stage4 (126).jpg,84
Stage4 (127).jpg,80
Stage4 (128).jpg,82
Stage4 (129).jpg,77
Stage4 (130).jpg,84
Stage4 (131).jpg,75
Stage4 (132).jpg,84
Stage4 (133).jpg,77
Stage4 (134).jpg,84
Stage4 (135).jpg,77
Stage4 (136).jpg,84
Stage4 (137).jpg,84
Stage4 (138).jpg,75
Stage4 (139).jpg,84
Stage4 (140).jpg,80
Stage4 (141).jpg,82
Stage4 (142).jpg,77
Stage4 (143).jpg,84
Stage4 (144).jpg,75
Stage4 (145).jpg,84
Stage4 (146).jpg,77
Stage4 (147).jpg,84
Stage4 (148).jpg,77
Stage4 (149).jpg,84
Stage4 (150).jpg,77
Stage4 (151).jpg,80
Stage4 (152).jpg,77
Stage4 (153).jpg,84
Stage4 (154).jpg,75
Stage4 (155).jpg,87
Stage4 (156).jpg,75
Stage4 (157).jpg,84
Stage4 (158).jpg,77
Stage4 (159).jpg,84
Stage4 (160).jpg,77
Stage4 (161).jpg,84
Stage4 (162).jpg,77
Stage4 (163).jpg,80
Stage4 (164).jpg,75
Stage4 (165).jpg,84
Stage4 (166).jpg,80
Stage4 (167).jpg,82
Stage4 (168).jpg,77
Stage4 (169).jpg,84
Stage4 (170).jpg,75
Stage4 (171).jpg,84
Stage4 (172).jpg,77
Stage4 (173).jpg,84
Stage4 (174).jpg,77
Stage4 (175).jpg,84
Stage4 (176).jpg,77
Stage4 (177).jpg,80
Stage4 (178).jpg,77
Stage4 (179).jpg,84
Stage4 (180).jpg,84
Stage4 (181).jpg,75
Stage4 (182).jpg,84
Stage4 (183).jpg,80
Stage4 (184).jpg,82
Stage4 (185).jpg,77
Stage4 (186).jpg,84
Stage4 (187).jpg,75
Stage4 (188).jpg,84
Stage4 (189).jpg,77
Stage4 (190).jpg,84
Stage4 (191).jpg,77
Stage4 (192).jpg,84
Stage4 (193).jpg,77
Stage4 (194).jpg,80
Stage4 (195).jpg,77
Stage4 (196).jpg,84
Stage4 (197).jpg,75
Stage4 (198).jpg,87
Stage4 (199).jpg,75
Stage4 (200).jpg,84
Stage4 (201).jpg,77
Stage4 (202).jpg,84
Stage4 (203).jpg,77
Stage4 (204).jpg,84
Stage4 (205).jpg,77
Stage4 (206).jpg,80
Stage4 (207).jpg,75
Stage4 (208).jpg,84
Stage4 (209).jpg,80
Stage4 (210).jpg,82
Stage4 (211).jpg,77
Stage4 (212).jpg,84
Stage4 (213).jpg,75
Stage4 (214).jpg,84
Stage4 (215).jpg,77
Stage4 (216).jpg,84
Stage4 (217).jpg,77
Stage4 (218).jpg,84
Stage4 (219).jpg,77
Stage4 (220).jpg,80
Stage4 (221).jpg,77
Stage4 (222).jpg,84
Stage4 (223).jpg,75
Stage4 (224).jpg,84
Stage4 (225).jpg,75
Stage4 (226).jpg,84
Stage4 (227).jpg,80
Stage4 (228).jpg,82
Stage4 (229).jpg,77
Stage4 (230).jpg,84
Stage4 (231).jpg,75
Stage4 (232).jpg,84
Stage4 (233).jpg,77
Stage4 (234).jpg,84
Stage4 (235).jpg,77
Stage4 (236).jpg,84
Stage4 (237).jpg,77
Stage4 (238).jpg,80
Stage4 (239).jpg,77
Stage4 (240).jpg,84
Stage4 (241).jpg,75
Stage4 (242).jpg,87
Stage4 (243).jpg,75
Stage4 (244).jpg,84
Stage4 (245).jpg,77
Stage4 (246).jpg,84
Stage4 (247).jpg,77
Stage4 (248).jpg,84
Stage4 (249).jpg,77
Stage4 (250).jpg,80
Stage4 (251).jpg,75
Stage4 (252).jpg,84
Stage4 (253).jpg,80
Stage4 (254).jpg,82
Stage4 (255).jpg,77
Stage4 (256).jpg,84
Stage4 (257).jpg,75
Stage4 (258).jpg,84
Stage4 (259).jpg,77
Stage4 (260).jpg,84
Stage4 (261).jpg,77
Stage4 (262).jpg,84
Stage4 (263).jpg,77
Stage4 (264).jpg,80
Stage4 (265).jpg,84
Stage4 (266).jpg,75
Stage4 (267).jpg,84
Stage4 (268).jpg,80
Stage4 (269).jpg,82
Stage4 (270).jpg,77
Stage4 (271).jpg,84
Stage4 (272).jpg,75
Stage4 (273).jpg,84
Stage4 (274).jpg,77
Stage4 (275).jpg,84
Stage4 (276).jpg,77
Stage4 (277).jpg,84
Stage4 (278).jpg,77
Stage4 (279).jpg,80
Stage4 (280).jpg,77
Stage4 (281).jpg,84
Stage4 (282).jpg,75
Stage4 (283).jpg,87
Stage4 (284).jpg,75
Stage4 (285).jpg,84
Stage4 (286).jpg,77
Stage4 (287).jpg,84
Stage4 (288).jpg,77
Stage4 (289).jpg,84
Stage4 (290).jpg,77
Stage4 (291).jpg,80
Stage4 (292).jpg,75
Stage4 (293).jpg,84
Stage4 (294).jpg,80
Stage4 (295).jpg,82
Stage4 (296).jpg,77
Stage4 (297).jpg,84
Stage4 (298).jpg,75
Stage4 (299).jpg,84
Stage4 (300).jpg,77
Stage4 (301).jpg,84
Stage4 (302).jpg,77
Stage4 (303).jpg,84
Stage4 (304).jpg,84
Stage4 (305).jpg,75
Stage4 (306).jpg,84
Stage4 (307).jpg,80
Stage4 (308).jpg,82
Stage4 (309).jpg,77
Stage4 (310).jpg,84
Stage4 (311).jpg,75
Stage4 (312).jpg,84
Stage4 (313).jpg,77
Stage4 (314).jpg,84
Stage4 (315).jpg,77
Stage4 (316).jpg,84
Stage4 (317).jpg,77
Stage4 (318).jpg,80
Stage4 (319).jpg,77
Stage4 (320).jpg,84
Stage4 (321).jpg,75
Stage4 (322).jpg,87
Stage4 (323).jpg,75
Stage4 (324).jpg,84
Stage4 (325).jpg,75
Stage4 (326).jpg,84
Stage4 (327).jpg,80
Stage4 (328).jpg,82
Stage4 (329).jpg,77
Stage4 (330).jpg,84
Stage4 (331).jpg,75
Stage4 (332).jpg,84
Stage4 (333).jpg,77
Stage4 (334).jpg,84
Stage4 (335).jpg,77
Stage4 (336).jpg,84
Stage4 (337).jpg,77
Stage4 (338).jpg,80
Stage4 (339).jpg,77
Stage4 (340).jpg,84
Stage4 (341).jpg,75
Stage4 (342).jpg,87
Stage4 (343).jpg,75
Stage4 (344).jpg,84
Stage4 (345).jpg,84
Stage4 (346).jpg,75
Stage4 (347).jpg,84
Stage4 (348).jpg,80
Stage4 (349).jpg,82
Stage4 (350).jpg,77
Stage4 (351).jpg,84
Stage4 (352).jpg,75
Stage4 (353).jpg,84
Stage4 (354).jpg,77
Stage4 (355).jpg,84
Stage4 (356).jpg,77
Stage4 (357).jpg,84
Stage4 (358).jpg,77
Stage4 (359).jpg,80
Stage4 (360).jpg,77
Stage4 (361).jpg,84
Stage4 (362).jpg,75
Stage4 (363).jpg,87
Stage4 (364).jpg,75
Stage4 (365).jpg,84
Stage4 (366).jpg,77
Stage4 (367).jpg,84
Stage4 (368).jpg,77
Stage4 (369).jpg,84
Stage4 (370).jpg,77
Stage4 (371).jpg,80
Stage4 (372).jpg,75
Stage4 (373).jpg,84
Stage4 (374).jpg,80
Stage4 (375).jpg,82
Stage4 (376).jpg,77
Stage4 (377).jpg,84
Stage4 (378).jpg,75
Stage4 (379).jpg,84
Stage4 (380).jpg,77
Stage4 (381).jpg,84
Stage4 (382).jpg,77
Stage4 (383).jpg,84
Stage4 (384).jpg,77
Stage4 (385).jpg,80
Stage4 (386).jpg,77
Stage4 (387).jpg,84
Stage4 (388).jpg,75
Stage4 (389).jpg,87
Stage4 (390).jpg,77
Stage4 (391).jpg,84
Stage4 (392).jpg,75
Stage4 (393).jpg,84
Stage4 (394).jpg,80
Stage4 (395).jpg,82
Stage4 (396).jpg,77
Stage4 (397).jpg,84
Stage4 (398).jpg,75
Stage4 (399).jpg,84
Stage4 (400).jpg,77
Stage4 (401).jpg,84
Stage4 (402).jpg,77
Stage4 (403).jpg,84
Stage4 (404).jpg,77
Stage4 (405).jpg,80
Stage4 (406).jpg,77
Stage4 (407).jpg,84
Stage4 (408).jpg,75
Stage4 (409).jpg,87
Stage4 (410).jpg,75
Stage4 (411).jpg,84
Stage4 (412).jpg,77
Stage4 (413).jpg,84
Stage4 (414).jpg,77
Stage4 (415).jpg,84
Stage4 (416).jpg,77
Stage4 (417).jpg,80
Stage4 (418).jpg,75
Stage4 (419).jpg,84
Stage4 (420).jpg,80
Stage4 (421).jpg,82
Stage4 (422).jpg,77
Stage4 (423).jpg,84
Stage4 (424).jpg,75
Stage4 (425).jpg,84
Stage4 (426).jpg,77
Stage4 (427).jpg,84
Stage4 (428).jpg,77
Stage4 (429).jpg,84
Stage4 (430).jpg,77
Stage4 (431).jpg,80
Stage4 (432).jpg,77
Stage4 (433).jpg,84
Stage4 (434).jpg,75
Stage4 (435).jpg,87
Stage4 (436).jpg,77
Stage4 (437).jpg,84
Stage4 (438).jpg,75
Stage4 (439).jpg,84
Stage4 (440).jpg,80
Stage4 (441).jpg,82
Stage4 (442).jpg,77
Stage4 (443).jpg,84
Stage4 (444).jpg,75
Stage4 (445).jpg,84
Stage4 (446).jpg,77
Stage4 (447).jpg,84
Stage4 (448).jpg,77
Stage4 (449).jpg,84
Stage4 (450).jpg,77
Stage4 (451).jpg,80
Stage4 (452).jpg,77
Stage4 (453).jpg,84
Stage4 (454).jpg,75
Stage4 (455).jpg,87
Stage4 (456).jpg,75
Stage4 (457).jpg,84
Stage4 (458).jpg,77
Stage4 (459).jpg,84
Stage4 (460).jpg,77
Stage4 (461).jpg,84
Stage4 (462).jpg,77
Stage4 (463).jpg,80
Stage4 (464).jpg,75
Stage4 (465).jpg,84
Stage4 (466).jpg,80
Stage4 (467).jpg,82
Stage4 (468).jpg,77
Stage4 (469).jpg,84
Stage4 (470).jpg,75
Stage4 (471).jpg,84
Stage4 (472).jpg,77
Stage4 (473).jpg,84
Stage4 (474).jpg,77
Stage4 (475).jpg,84
Stage4 (476).jpg,77
Stage4 (477).jpg,80
Stage4 (478).jpg,77
Stage4 (479).jpg,84
Stage4 (480).jpg,75
Stage4 (481).jpg,87
Stage4 (482).jpg,77
Stage4 (483).jpg,84
Stage4 (484).jpg,75
Stage4 (485).jpg,84
Stage4 (486).jpg,80
Stage4 (487).jpg,82
Stage4 (488).jpg,77
Stage4 (489).jpg,84
Stage4 (490).jpg,75
Stage4 (491).jpg,84
Stage4 (492).jpg,77
Stage4 (493).jpg,84
Stage4 (494).jpg,77
Stage4 (495).jpg,84
Stage4 (496).jpg,77
Stage4 (497).jpg,80
Stage4 (498).jpg,77
Stage4 (499).jpg,84
Stage4 (500).jpg,75
Stage4 (501).jpg,87
Stage4 (502).jpg,75
Stage4 (503).jpg,84
Stage4 (504).jpg,77
Stage4 (505).jpg,84
Stage4 (506).jpg,77
Stage4 (507).jpg,84
Stage4 (508).jpg,77
Stage4 (509).jpg,80
Stage4 (510).jpg,75
Stage4 (511).jpg,84
Stage4 (512).jpg,80
Stage4 (513).jpg,82
Stage4 (514).jpg,77
Stage4 (515).jpg,84
Stage4 (516).jpg,75
Stage4 (517).jpg,84
Stage4 (518).jpg,77
Stage4 (519).jpg,84
Stage4 (520).jpg,77
Stage4 (521).jpg,84
Stage4 (522).jpg,77
Stage4 (523).jpg,80
Stage4 (524).jpg,77
Stage4 (525).jpg,84
Stage4 (526).jpg,75
Stage4 (527).jpg,87
Stage4 (528).jpg,77
Stage4 (529).jpg,84
Stage4 (530).jpg,75
Stage4 (531).jpg,84
Stage4 (532).jpg,80
Stage4 (533).jpg,82
Stage4 (534).jpg,77
Stage4 (535).jpg,84
Stage4 (536).jpg,75
Stage4 (537).jpg,84
Stage4 (538).jpg,77
Stage4 (539).jpg,84
Stage4 (540).jpg,77
Stage4 (541).jpg,84
Stage4 (542).jpg,77
Stage4 (543).jpg,80
Stage4 (544).jpg,77
Stage4 (545).jpg,84
Stage4 (546).jpg,75
Stage4 (547).jpg,87
Stage4 (548).jpg,75
Stage4 (549).jpg,84
